sgRNA0001,AATAGCATAGAAATCATACA
sgRNA0002,AGTGTTGATTTACCAACGTT
sgRNA0003,TTTCAAGTCCGTTGAACTTT
sgRNA0004,TAATTTCATCGTGTGAAACG
sgRNA0005,CTCTTCCTTTCTCACATACA
sgRNA0006,TCAAAATTATCACCAAATGT
sgRNA0007,ATTTGTTACAACAAGTTAGG
sgRNA0008,TTGACAATCACACAACCAAT
sgRNA0009,TTCAAATCGCTTAGGGCTGC
sgRNA0010,GCATGCGCTGTCTCACGCTT
sgRNA0011,CAGATTTAACTGCCCATGTA
sgRNA0012,CAATTCTTTATTAGAAGAAA
sgRNA0013,CTATCACTGTTCAAAAATGA
sgRNA0014,TAGCAACCAAGTCATTGGTC
sgRNA0015,TGACGAATCACGCCATCACT
sgRNA0016,TAGGATGGAAATGAGAAGGC
sgRNA0017,TCCTCCTCCAACACCTGCTT
sgRNA0018,CACCGTTGAAAGCAGTCGCC
sgRNA0019,AGAGTCATCCCATCATTCCC
sgRNA0020,TACCTTATCTTGGTCAGCAC
sgRNA0021,TCTTTTATGTATTGATATTT
sgRNA0022,AGGAATCCTAAAATAATGAA
sgRNA0023,AATGTGACTCTTATATTCAT
sgRNA0024,TCTTTTGAATCCCACGCAAC
sgRNA0025,TTATCATCAAACTCTAAAAT
sgRNA0026,CTCAAAAAAATACGACGGGC
sgRNA0027,CTCCACACAGTAATGAAGAT
sgRNA0028,TGATTTGGATTGAATTTCAT
sgRNA0029,TAGCGCTTCCAGTCCATCAT
sgRNA0030,CGACGAGCTTGTTTCCAAGA
sgRNA0031,CATTTTCAATTGGAGTATAA
sgRNA0032,CCTAAAATGCTCTGTTTATT
sgRNA0033,GAGGATGTTGGAAAGTACAT
sgRNA0034,ACACCAATCAGGATAATACC
sgRNA0035,ATTGTATGCACTGATTACAA
sgRNA0036,TAAGATATAAGATACAATGA
sgRNA0037,CTAGATGGGCCAATCATAAC
sgRNA0038,TGGAGCAAATACTGCAAACA
sgRNA0039,AAAAAGTGGTACACAGAAGC
sgRNA0040,ACCCCCACAGACCTCTTCTT
sgRNA0041,GCTAATGCTATAAAAATTCC
sgRNA0042,ATCCCCTTGGAATCAATCAA
sgRNA0043,AGCCCCTAAGATAGCGACGC
sgRNA0044,TGTTTTAGAGTTATCACTCA
sgRNA0045,CTTGTGATTTTGGACAATCA
sgRNA0046,TGCGTGTTGTTTCACGGCGT
sgRNA0047,TTTACGAAGGTCTTTTCCAA
sgRNA0048,TGACAATTCATTTTCAGATA
sgRNA0049,AGCGAGAGAAAGAGCCTTGC
sgRNA0050,GAAAGGATTTTATAATGGAG
sgRNA0051,AGACTGCCCTAGTTCAAACT
sgRNA0052,AAATAAGTAGGAGTATCAGT
sgRNA0053,CACCTCCCATAGAATTTACG
sgRNA0054,AAATCAACAAGCCAGTTGCT
sgRNA0055,GAAAAACTATAATAAAGTAG
sgRNA0056,ACCTGCAGCAACAAGTCCTA
sgRNA0057,CAAACCTGCGACTGTAGCAA
sgRNA0058,CTGTGATGGTTCTCTTCTTT
sgRNA0059,GGACACCAATCCCCATGCAG
sgRNA0060,TAAAGTTAATAGCCAAAAGA
sgRNA0061,AGCAAGACCCATAGATAAAT
sgRNA0062,AACCTCAATCCTTTTGTACT
sgRNA0063,TGCCCAGGTTGATTGATTTA
sgRNA0064,TATCTGTCGGCTGAGGTGCT
sgRNA0065,ATTTGGTTTGCCAGCATCTC
sgRNA0066,CTGCGCCGACCATAGGATTG
sgRNA0067,AATGTATTTGGCAGTAATTT
sgRNA0068,GTCCCAGATCCTTGAGACGT
sgRNA0069,ACGAGATTGATCCAAGTACC
sgRNA0070,ATCAATATTTTTTAAATTAT
sgRNA0071,TAACTGGTGGGCATTGAGCC
sgRNA0072,AACCTACGATTTGGTTAATT
sgRNA0073,GTATTGGTATTCTGTTGAGC
sgRNA0074,CGAAAGACTAAAGCCATACT
sgRNA0075,AGGTTTCAATTTCCCGAAAG
sgRNA0076,TGTTCGATTTGGTATTCTAG
sgRNA0077,CGTTTCTCGACGAAGAGAGT
sgRNA0078,TCTCGATCTCTGAGACTAGT
sgRNA0079,CGTAAGCTTTCAAACGGATA
sgRNA0080,TTGCTTCAATAACTGTTACA
sgRNA0081,CCAATTGACCAGTAGCAGCT 
sgRNA0082,TCAACCGTAAACATTGCATT
sgRNA0083,TTTACCAACAACAGTTATAA
sgRNA0084,CTGTTTCAAATAATATTAGG
sgRNA0085,GCGACCAATCGTGTTAAACA
sgRNA0086,AAACAGTTGTACGAATACCC
sgRNA0087,TTTATGATTATAAAAACTCA
sgRNA0088,ATTTGACCATATTCATTTAC
sgRNA0089,GATTGTGATGAAAAAAGTTT
sgRNA0090,CTTATTTGGTCGTGAGCTTG
sgRNA0091,TTGAGTACTAATTCCATCAT
sgRNA0092,ATTCACGTAAATACTGAGGA
sgRNA0093,ATATGAGCAGGAACCTGTGT
sgRNA0094,GATCCCCAGACAAAATCCTT
sgRNA0095,TTCCCGCAGAATCATAGCCA
sgRNA0096,GCTCAATCTCTGCCACCAAC
sgRNA0097,CAGTTCCATTTTTGAGGGAA
sgRNA0098,CGAACCAATTGGTTAATTGT
sgRNA0099,CTCAGTAGTTGTTGTTTTAC
sgRNA0100,GGAGCCTGTCTCATTTCAGC
sgRNA0101,CCTTAACCTCACTATCCAGA
sgRNA0102,AGTCCGACTTCCCACCGCAC
sgRNA0103,TGGCAGCATTTTCAATCGCT
sgRNA0104,TACCCGCAGCAAATTCGCCG
sgRNA0105,ATAGCAACACCAGTGCTTTC
sgRNA0106,ACAAAGACCAGCTTGCAAGC
sgRNA0107,AGTTGAGCAGGGTTCCATCC
sgRNA0108,CTGTTTGTGAAAGTATTTGT
sgRNA0109,AATAACTGTCTTTGCATGAT
sgRNA0110,AGCAGACCGCATGTGGGTAT
sgRNA0111,CATTTACGTTCAACTTGGCC
sgRNA0112,TAAAGTACATTTTTGTTTGA
sgRNA0113,ACGGACAGTTCTATCTGAAC
sgRNA0114,AAATCTATCGCCTCATGATT
sgRNA0115,CTTTTCTTTATCTATATCTA
sgRNA0116,TTGGTTGTTTTGGTTCAAAA
sgRNA0117,GACTTTTCGTCTATACTTAG
sgRNA0118,TCCAATTCCATAAGAAGCGC
sgRNA0119,CATTTCCGCAATGTCTTTTA
sgRNA0120,ATCCTTGGCGAGTTCGAGCT
sgRNA0121,CAAGCATATCAATCGTTTCG
sgRNA0122,AGCCGGCGATTTCCGATTTT
sgRNA0123,CTCGCATACCACCCATCAAT
sgRNA0124,GACAATAACTTCTTTTGACA
sgRNA0125,GGTTAATGCGCTCCAAAATA
sgRNA0126,TGGATAGACTTGATAGACTA
sgRNA0127,GATTAAGATATCTAAAAGCA
sgRNA0128,CATCATTTGAACAATCGTCA
sgRNA0129,CAATAATGTCACGCCCGCAA
sgRNA0130,TTTTGTGATGAAACTTTATG
sgRNA0131,TTTTTAATCAATTTAAGACG
sgRNA0132,CTTCTACTTTATTATAGCCA
sgRNA0133,CATCACAGCCTGTGCTAGCA
sgRNA0134,GGCAAGGTTACGACCCATTA
sgRNA0135,AAAAGAGGCAGGGAAATGGC
sgRNA0136,CAGAGCTCCTGTCAGAAGAC
sgRNA0137,AAGCAGATACTGTCGATAAC
sgRNA0138,TAGTGAAAGTCAAGACACCA
sgRNA0139,GCCTGAATATCCTTTTCGCT
sgRNA0140,GTTATCATGTTCGCTTGTCA
sgRNA0141,CCGACCAATAAAATCAAGAG
sgRNA0142,CTGGTGCTGACTCTACTGTA
sgRNA0143,AACAACCTGAAAATACTAAG
sgRNA0144,TTCCTTGTTGCGCTTAGCTT
sgRNA0145,TTTTTCTAATTGACTAGCAG
sgRNA0146,CCTCAGGACGGTTCAAGGTA
sgRNA0147,TTAAATATTCATTGATTCGT
sgRNA0148,GCCATCCCTCCTTGGAAAAT
sgRNA0149,AGTGCCCCTTGCCTCATATA
sgRNA0150,TTTGCCGTCAGCTGTTTCAA
sgRNA0151,GAATCTTAATTTTGAAAGAT
sgRNA0152,CGGGTGGGAGATAATGGCAA
sgRNA0153,TTTGGTTCATCGCGTGTGAA
sgRNA0154,AGTTGCTGCTCCACCTACGA
sgRNA0155,ACTAGGTCCGACCCCGTCTT
sgRNA0156,AAATAATGATCGTAATCCAG
sgRNA0157,CATTCGTTTCTTTAGAGATA
sgRNA0158,ACCGATGCGTAAATATTCAT
sgRNA0159,CAAAAACAGAGAGTGGAAGA
sgRNA0160,AAGTGACCTGTACTGGAAAT
sgRNA0161,AAGCTTTCGTCTCCATCATA
sgRNA0162,AGTGGCTCTATTTTGTAAAA
sgRNA0163,CAACTTTTCCCCCTCCGACA
sgRNA0164,AAGTGATGGATTTTTAAGGT
sgRNA0165,GTTCTTGTTGTGTTTCATAC
sgRNA0166,TCGTTAACTTACCTCACAAC
sgRNA0167,TATCGCTGTTTGATGTTCCA
sgRNA0168,GACCACGATTTTTCAAGAGA
sgRNA0169,TAAAATTTCCTGCCAATTAA
sgRNA0170,CGACAACGTCTTTCAAAAAA
sgRNA0171,CGTTGAAGTCAACACGAACG
sgRNA0172,TCGCATACCAAGTTTGAACT
sgRNA0173,TAGGAAAAACAGCCATATTT
sgRNA0174,AGAAAAATCGAACACCATAA
sgRNA0175,CATCCTTTGGATACAATAGC
sgRNA0176,TCCGACAGGTTCGTGCGTTT
sgRNA0177,TCTTCATATACTTTCGAAGC
sgRNA0178,CATGAACATAGCCACCTGTC
sgRNA0179,AAGTATGAGCTCTTTTGATG
sgRNA0180,TGAATAATCATATGTTTCAT
sgRNA0181,CAGTCTCTCGCATCTATTTG
sgRNA0182,ATAGAAGGGTAAGAAGCGAA
sgRNA0183,TTGCCACTTTTCCCAGGTAT
sgRNA0184,TCAAAAGGAGCTTCTATGAC
sgRNA0185,TTGTCCACCACTTCTGCAAC
sgRNA0186,AAAAGGCACCTGAGCGACGG
sgRNA0187,CAATTCATAATGAGGGTGTT
sgRNA0188,GGATGGCATTCTCCGATCTC
sgRNA0189,TCAAGCGACTACTTTGAAGT
sgRNA0190,CCTTTTATTTCAATTTTTAA
sgRNA0191,TGAGCGAACCCTTTTTACCA
sgRNA0192,AACAAAGAGAATGACCGAAA
sgRNA0193,CACGGAATTCGCCCAAACGA
sgRNA0194,TGCCATTTTCTTAGACATAA
sgRNA0195,TAAGCCCAAGATCTTTGGAT
sgRNA0196,AATAATCACTGACCCCCTCA
sgRNA0197,AACCGTTGTCACGGGCTGCT
sgRNA0198,AGTCCTGGAATCATGAATTG
sgRNA0199,GATTGATGTTGCGGAGTGCG
sgRNA0200,GCAAACTGCCATTCATAAGT
sgRNA0201,CCCTACATTCAAAACAAAAA
sgRNA0202,TGGGAATGCCAATTTGATAA
sgRNA0203,GTTGCCCTGTTTTCTCCCAT
sgRNA0204,ATGTAGCAACCAGGGCTGGT
sgRNA0205,ATGGTAGGATAGCTAGTAAT
sgRNA0206,CGCACATCTTTGGGATCAAC
sgRNA0207,AAACAGGAGCAAACCTGTTA
sgRNA0208,AAAGCCTGTTGGCGACGCAA
sgRNA0209,CTGGTGTAGCTTTACCAGCA
sgRNA0210,CTGATCTAGACTTGTTACCT
sgRNA0211,CGCAAAGCCCCCTTCAAGCC
sgRNA0212,GACTACCTCATTAGGGGCAT
sgRNA0213,TAGGATAATGCAGACGACTA
sgRNA0214,TAAGATACAAGGAGAAAAGA
sgRNA0215,TTCTACGATTAAGATTGTGT
sgRNA0216,AAGGGCCCCCTGTTTCAAAT
sgRNA0217,TTTCAACTCTTTAATCGGCT
sgRNA0218,TGTGAAAACAAGGCTAAAAT
sgRNA0219,ATTTGATAGAAGTTCCACCA
sgRNA0220,ACAGTCCCATCCTTGTACTT
sgRNA0221,TGCGTATACTGCACCTGCAA
sgRNA0222,GCCGTCTTTCCAACAGCAGT
sgRNA0223,TTGCTTGGCTGCCTCATTCA
sgRNA0224,CAATAATACCAAATCGTTTG
sgRNA0225,GTGCTTGCTTCATGGCCTTT
sgRNA0226,GGGCGATAATCGCAATGTTA
sgRNA0227,TATGTCCATACTCCTCCATC
sgRNA0228,AGCTGCAGATTCACCAGACT
sgRNA0229,TCTGTCTAGCTAAAACTGTA
sgRNA0230,GGAAAATCAAGAGCAATGAT
sgRNA0231,TGGTAGATATTGTTCAACAA
sgRNA0232,TCCATATGTTCTGTAGACAT
sgRNA0233,AACCCTAATCAAATCTGTAC
sgRNA0234,ATGAGCTGAGTGTTCCTGAT
sgRNA0235,ATAACTGATTGTAAAAATAA
sgRNA0236,ATCGTAGCCATCATACCAGC
sgRNA0237,GTTGTGTTAATAGCTGGTGT
sgRNA0238,TGGTTAATAAATTGGATTCT
sgRNA0239,ACAATTTGTGTTGAATCAGT
sgRNA0240,CTTGTTTGTTCAATAACTAC
sgRNA0241,ACGATGTTTCTTGGAATGAT
sgRNA0242,TGCAAGCGCCACAAACGATA
sgRNA0243,ACTAATATAAACTACCTTGC
sgRNA0244,TCTCTTCCTCTAGCCCTTCG
sgRNA0245,GAAATCATCAAACCAGCAGC
sgRNA0246,TGTAAATTTTAACTCCTTCA
sgRNA0247,TAAATACCTACCATCTTATC
sgRNA0248,GGTCGCTGTCTTAGTAACAA
sgRNA0249,TCGTATGCATATGGAAGTTC
sgRNA0250,TTGTTATAGTTGTATAATTC
sgRNA0251,TACAGTAGACAGTAAAAGAA
sgRNA0252,TTTTTCTAAAATAGTATTCA
sgRNA0253,TAGAACCCATACGAGTCAAA
sgRNA0254,GCTTTTGATAAGTAACAGAG
sgRNA0255,GTATTTTATCTAGAACTTGC
sgRNA0256,TGAGAGCAGCCCCAATAGCA
sgRNA0257,ATGTTCACCAGCACGGTTCA
sgRNA0258,TCTTTTAGAGCAGTCTGAGA
sgRNA0259,TTCCCAGATGGATAGTAAAT
sgRNA0260,AACAAAGGATAAATAGTTCC
sgRNA0261,ATAAATATCAGCCAAGTCGA
sgRNA0262,TTTTTCTTAGCCTTTAAGCC
sgRNA0263,CCGACATGGTGAAATAGTTG
sgRNA0264,AAAAATAAATCATAATGTTC
sgRNA0265,ATACTGAATTTGACAGACCT
sgRNA0266,TAGGATTGTAATTTTCTTAC
sgRNA0267,CTTTCTCACCGACATAGATA
sgRNA0268,CAATCACGACAATTCCCACT
sgRNA0269,AAGCTTGATAGACACTGTCA
sgRNA0270,GCTTCTACTTCATCATTTAC
sgRNA0271,AACCTCAACAAGGGTTGCAT
sgRNA0272,TCTTATAGCAGTTTTGACAG
sgRNA0273,CGTTTGCCATTGCTTCAAGG
sgRNA0274,TTAAAATAAGGTAAATACTT
sgRNA0275,AGCCAACTGCCCCTGCAATT
sgRNA0276,AATAATAACTTTTTCTAATA
sgRNA0277,GATTTCTTCGACAAAATAAT
sgRNA0278,CACGGAAAAGTTCTTCAGAT
sgRNA0279,TTCAAAATGTAAAAATTCGT
sgRNA0280,TGAATGTCGTGAGCAGCGTC
sgRNA0281,GGTCGGATTAACGCAAACAC
sgRNA0282,TCGAACCCAGCAGATAGGCT
sgRNA0283,TATACATCCCTGGACGTTTT
sgRNA0284,ATTTCATATAGGAAAAACCG
sgRNA0285,GTCTTTACCAACATTAACTT
sgRNA0286,CCCATGCTTTGCGAGCTTCA
sgRNA0287,GGTTTCGCCTTCCAATAGGA
sgRNA0288,AATATAGCGGCCAGTCATCC
sgRNA0289,TTTCTCCTGTTTTCAGGGTC
sgRNA0290,AATCGCATGTTTAGCGGCAA
sgRNA0291,CCAAATCGGGTCACGCCTGC
sgRNA0292,CGCCTACCGCGTTTCCAACA
sgRNA0293,CTTCTTCCTGTAAGGAGTGG
sgRNA0294,CTTTCCAGTTCTGCTTTAGA
sgRNA0295,GATACTAGCGATTGTAGCAA
sgRNA0296,AAGGGCTTCAGGATAAGGCT
sgRNA0297,CGGCGCTCCTTACCTGTATA
sgRNA0298,AACTGTTCAATATTTGTTAA
sgRNA0299,ATATTCTCAGCTTCAATGCA
sgRNA0300,TCAGATAAGACATTTTCTTT
sgRNA0301,GTCATTTCAAGCCCTAGCAA
sgRNA0302,CGGATGGCAGCGTTCATACC
sgRNA0303,CCACCACGGATTTCTACCGC
sgRNA0304,GGCTGAACAGATTCCTAATG
sgRNA0305,TTTGTAAATTTGACAGCCAT
sgRNA0306,TTCAGCTGTCAAACTTAGAA
sgRNA0307,AGCAAACAAGAAACGAACTA
sgRNA0308,ACTAAGAGCTGACCGATGAA
sgRNA0309,CGCTCAATTTCTTTGTGACT
sgRNA0310,GTGGCTTTTCAACCACGCTT
sgRNA0311,AAGGCTAGTAGTTTAATCAT
sgRNA0312,TCCCAATCGTACCTACCATT
sgRNA0313,TTCACGAAAAGTACCACTAT
sgRNA0314,GTGCAGCATAGCCAACTGCT
sgRNA0315,CTGGTCTTGCCTGCTCCCTC
sgRNA0316,TAGCCATAAGAAGGTCTTCT
sgRNA0317,ACCACGCTCTGCGATTTGGT
sgRNA0318,ATTAAAATACGTTTATACTT
sgRNA0319,AAAAGATGAAACAGGTCATC
sgRNA0320,CGTTTCTATAGACGGATACT
sgRNA0321,ATACTGATGGTCGTGATAGT
sgRNA0322,TTTGTGGAGCTGGTTTTAGC
sgRNA0323,CCAGGCAACTTAATGTCACA
sgRNA0324,CTCTTGTGCAACCACCTTCA
sgRNA0325,TCACTAGCCATTGCACCCTC
sgRNA0326,TTCGCAATTCCTCAACTATG
sgRNA0327,TGCAAATTCCAAAATTTCTT
sgRNA0328,CTAATAAAATGGTTAATAAT
sgRNA0329,CTGGCCTCCACAAGCTGGGC
sgRNA0330,CTTCCCAAGCCTGGTCAGTT
sgRNA0331,TGCTACTGATAATAGTGTGA
sgRNA0332,CCCCTCCGGAAATTCCCGGT
sgRNA0333,ACGATTGGCTGTCATTAAGT
sgRNA0334,TTTACCCGCTGCTAAAATAA
sgRNA0335,GACCTCTGCAATCTCACTGA
sgRNA0336,GGCAGAAGAGGAAAAATACA
sgRNA0337,TTTAGTTTCTTCCTCACCAC
sgRNA0338,AAAAACACCTGTCCCTACCA
sgRNA0339,ATAAAAGAAAGACACTTAAC
sgRNA0340,AATCAAGAAGAGTGTGGTCG
sgRNA0341,ATTTTCCCGAAATAACCCTC
sgRNA0342,GACGGATTTCTTCCATCTTA
sgRNA0343,TAGTATTCCAGAACATACCA
sgRNA0344,CGCGCTTTAGACATGTGACC
sgRNA0345,TCATCATTCTCCACGTATGT
sgRNA0346,TTCAAAAGAAAGAGAGTTGG
sgRNA0347,TTGGGTTACCGCGTGAGTCT
sgRNA0348,AGATAGCGTCTTTGCTCATC
sgRNA0349,ACCAACTGTATTTCCTAAAA
sgRNA0350,AAAATTTTCACCCGTCATAA
sgRNA0351,ATAAATCGTAATTTCTTGTT
sgRNA0352,TGAAACCGAGGGATTATCGC
sgRNA0353,CCATTTTATTGATAGCCCCA
sgRNA0354,GATCTCGTTCATCAACCTGC
sgRNA0355,TCATTTCTTTACCAGTTTGT
sgRNA0356,TTCAATAGTAACAGATGAAT
sgRNA0357,AATAGCAGCACCTAGTAAAA
sgRNA0358,ATGGTGTGCCAATATCTTTT
sgRNA0359,CGATGTTCGTGCGGTTGCAC
sgRNA0360,TGACGTGATATTTTTCTTAT
sgRNA0361,GCATAGCAGCAAGTTCAGCT
sgRNA0362,TAGAAATTCTTCCCATTCTA
sgRNA0363,CAGGAGTGACACCTGTGAAC
sgRNA0364,CAATTTTCTGTGCAATCTCT
sgRNA0365,AGTCTTTTTGCTGTAGCTTT
sgRNA0366,TTGGTAATAGTGAATCTTCT
sgRNA0367,TTTGCACCGCCTCAGCCTGA
sgRNA0368,ATAGTGATTTCACCTTGCAG
sgRNA0369,CATGATAATCACGATAAACA
sgRNA0370,GAAGAAGACGAACTAATTCA
sgRNA0371,TCCTATGACTTCCACAATGT
sgRNA0372,AAGCAAGTAGGGAATCAAGA
sgRNA0373,GTTAGCAAAAGACTCAGTTT
sgRNA0374,TAAGTCATGTGTTTTACGTA
sgRNA0375,AACAGCTTAATATGTACTTT
sgRNA0376,CATACTCCGACTCAGGCCCA
sgRNA0377,CCTTCTCGCCACCAGAAGTA
sgRNA0378,AATCATTATTCTATTTTTAT
sgRNA0379,ACGTAGATACTCGTGTATAG
sgRNA0380,TGATCTAAAACTATTTTATC
sgRNA0381,GGCAACTCCTGCCCCTTCAT
sgRNA0382,AGAAAGAGTTTCTTTCTCAT
sgRNA0383,AATCGTTTTACCAGAGTTCA
sgRNA0384,AATAAATCGATGCGTACAAA
sgRNA0385,TGGAGTAGAGATAGCAGCGA
sgRNA0386,AGGTAACGGATTTTATCGAT
sgRNA0387,CAGGTTCACACAACTCATCA
sgRNA0388,CGGCGACCTCATCCTTACCA
sgRNA0389,CCATAGCTGATGGCATTTAG
sgRNA0390,TCGAAACTAGAGTTGTCGCA
sgRNA0391,CAATGACAACACCGACAGCA
sgRNA0392,AATCTCTTCTGGTGAACCGA
sgRNA0393,AAGAAGCGGTCCAAGAGATT
sgRNA0394,TGCATAGGCACATAGACTCA
sgRNA0395,TACCTGTTTCTGCCACTACG
sgRNA0396,AACGCTTGGTCATTTTACAT
sgRNA0397,TTCGATGGCATTCCAGTTAA
sgRNA0398,CATAATCTGTTTAACTGTTA
sgRNA0399,CAGCTGTAACATCCACAAGG
sgRNA0400,AAGTCTTCTAGGCTTAATTT
sgRNA0401,GGGCGATAATAGAGAAGTTA
sgRNA0402,GTAAACTAGAGGCAAACTGC
sgRNA0403,GAATTTCATTTTCAGATACT
sgRNA0404,CCTGTCACTCCAATAATGAT
sgRNA0405,GTTCCCACCAGAACCTGTAA
sgRNA0406,GTAAAGACTTCCCCACAGTT
sgRNA0407,ACTGCACGAGACTTAGTAGC
sgRNA0408,TGCACCTGCAGCAGTACTGA
sgRNA0409,TCGCGCTACGATAACACTCA
sgRNA0410,CTACAGCACCATCACCGACA
sgRNA0411,TTTAGGATGAATTTCTTTAG
sgRNA0412,CTTGGATTGATGCGATCACT
sgRNA0413,GGTGCGAATAAGTTCCGAAA
sgRNA0414,AACTTGATAATATCCGAGAT
sgRNA0415,AAAGAAATGACTTTCTCCTC
sgRNA0416,TTCTCTACAACATCAACAAT
sgRNA0417,GACGCTATCGATAGCTTCAC
sgRNA0418,TTCTTTCAAGAGTTGGAGCA
sgRNA0419,AATCGCAATAGCCGTTAAAA
sgRNA0420,GCTTGGGGTTGATCTCCTGA
sgRNA0421,TTAAACTCATTTTTGAAGCT
sgRNA0422,CAATACCTAATGAGAAAATT
sgRNA0423,GGTAGAGCTTGCGTTTAGCC
sgRNA0424,GGCATAACTCGTATGAGTAA
sgRNA0425,ATATCTTCGTAATCAAAAAT
sgRNA0426,GCCTTAGTCACTCCATAGCT
sgRNA0427,AACAACCCCAACAATAGCCA
sgRNA0428,TCAATCGTCTTGGCCTTAGC
sgRNA0429,TAAAATCGCTAAATCACTTC
sgRNA0430,AACTTTCAAAATCTGTTGAT
sgRNA0431,CATGCGTGTGCCAGTTCCAC
sgRNA0432,ACATAGGTTCCAGTTAGGAT
sgRNA0433,ACGCGTAATCGCTCGTTTGA
sgRNA0434,TTTCTTGATTACGTGCACGC
sgRNA0435,AGCTTTTATTTAACTTGGAT
sgRNA0436,AAACAAGATCTACTAAATAA
sgRNA0437,AATCTGACTCCAAGCCTCCT
sgRNA0438,AGCAAGTTGTAAAATGTTTC
sgRNA0439,CTTTTCCATCCGAAGGACGT
sgRNA0440,AAAGAGCGCATTCATACGAT
sgRNA0441,GCACTTCCACATCATAAAGC
sgRNA0442,TGTAGTTGTGAACAGGGTCA
sgRNA0443,TCAGTCAAGCTTTGGATTAA
sgRNA0444,CTTCTAACAGTTTGACAATT
sgRNA0445,TTCGGTATTACCGGTCATAC
sgRNA0446,CATATGACGATGAATGATAA
sgRNA0447,CAACTGGGCGATATTCTGGA
sgRNA0448,TTACAGTTTCAAACACGCTT
sgRNA0449,TAATTCAGCCATAAGAGAGA
sgRNA0450,TCGAGCTCCCCTACTGTCTT
sgRNA0451,GATTCACTTTGCCGTAGGTG
sgRNA0452,TGCGTGAAAAATATTCCTCT
sgRNA0453,GAAAGGCACACCACTTGCAA
sgRNA0454,CCTGTATCCAGAAAGCTATC
sgRNA0455,CAAATCATGTTCTTTACAAA
sgRNA0456,CGCGGATACTACCATGTAAA
sgRNA0457,ATTGACATTCTCAAGATCAC
sgRNA0458,AACATTTTGAAATTCAATCA
sgRNA0459,GTCCAGTGTTGACCGTCGTG
sgRNA0460,AAATGATCCCTCCACCTGAT
sgRNA0461,TATGCAAGGGTTCCTTAAAA
sgRNA0462,TTGTATTGAAATAATTTCAC
sgRNA0463,GAGAACCATTAGAACCTGAC
sgRNA0464,TTACGACATGATGTACAGCT
sgRNA0465,ATGTGCACATAGGCTGACGT
sgRNA0466,ATTTCCTTTTCAAGCAATTC
sgRNA0467,TAGTAACCGCACGTTTGAAA
sgRNA0468,CAACTTTTCCACCTTGAACT
sgRNA0469,CAATCAATTCCTCTGGCAAG
sgRNA0470,TGCAATGTCAAACTATCATC
sgRNA0471,CCTGCAGGTGATAAAACCTC
sgRNA0472,AAACTCTGTATATCAAATAA
sgRNA0473,CTCCTTCATAAAACCAATAT
sgRNA0474,TCTACAGGAACAATAGGTTG
sgRNA0475,GTGAAATCAGCTGGTTGTAC
sgRNA0476,CTATTATTAGCTTTTAAAGT
sgRNA0477,TGACTAGTCAAGGGATTCCT
sgRNA0478,GTAGAGTAGGATTCCCTTCA
sgRNA0479,GGAGAGCTTCGGTAACGGCG
sgRNA0480,AAGGCCGCAGTCATCCCTGC
sgRNA0481,AAAAATCAGAACAAGGATGG
sgRNA0482,GAATCAATTGCATCAAGTTT
sgRNA0483,ATGATGGCATCTACTTCATT
sgRNA0484,TGCCCATTTTGGGTAGGAAA
sgRNA0485,TGATACATGCTGTACCAGCG
sgRNA0486,GGATTTTTGGAGAAAGATAT
sgRNA0487,TATCGTCTTTTACAAGATAA
sgRNA0488,TACTCCATTATTTAATTGAT
sgRNA0489,AAGCAATAAATCCGCCTAAT
sgRNA0490,TACGCTGAGTAGGGCATGGA
sgRNA0491,GGGCTGCTTCTATGAAATGA
sgRNA0492,ATAGTACCAATGTTAACGTG
sgRNA0493,GGCAGTTCCCAAAAATTCAG
sgRNA0494,CCCATTTCTGGTAATTTTCT
sgRNA0495,GCACAACTGTAGTGACTTCA
sgRNA0496,CTCGCACCATTCAGTAAACT
sgRNA0497,ACCACTTGAAAAACCAAGAT
sgRNA0498,AAGGCAAGGTAGGTTGGACT
sgRNA0499,ACCGACAGATACGCCCATAC
sgRNA0500,TCAGCTGAAGGTTCATTTGC
sgRNA0501,ACCTCGTCATCTGACACCAA
sgRNA0502,CCTTCGATACGAATTTTCCC
sgRNA0503,ATCTGACTTAATACCCGCCT
sgRNA0504,ACCCAGGACAAGACCTGCCA
sgRNA0505,CCCGTAACATCTGGGCCTGC
sgRNA0506,TTTCTTTAAAATATCTAATA
sgRNA0507,AACGTTTTTCAAACCTTCAA
sgRNA0508,GTGACCAAATACTAGAATCT
sgRNA0509,TGATATCTGTCGAAAAGAGC
sgRNA0510,AAAACAGTGGGAATTGTAGT
sgRNA0511,CGCAACTGCTACATTTGATG
sgRNA0512,TTAGCTTCTTCTTCAATGTT
sgRNA0513,TTTCCCTTTTCCTGATTTGT
sgRNA0514,AAGAGAAACCATATACAGAA
sgRNA0515,CAGCTTCGAGCGCCATTTGG
sgRNA0516,TGTTCATTTCTTTTGCTGTT
sgRNA0517,CCAGACAGCTGCGAGAACAA
sgRNA0518,TAAAGGTCCTCCTGACTTGC
sgRNA0519,GGCTCTGAGTATAAAACGCT
sgRNA0520,ATAGGTCGAAATACTGATAA
sgRNA0521,TTCACATCCACCTTGGTTTC
sgRNA0522,ACTGGTCCAATATTGCAGAT
sgRNA0523,TAGATCCTCGAAGGACTGAA
sgRNA0524,AATCAAACCCTCTTCATCCT
sgRNA0525,TTTGTTTTTGCCAATGCTAC
sgRNA0526,TTCCAGTTACCAGCGATAAA
sgRNA0527,GTCCGTAAAATCTCAACAGC
sgRNA0528,CGGAAGGTAATGCCTTCCTT
sgRNA0529,TCTGTGGCACGCTTTCCACC
sgRNA0530,ACTGAATAGTGTTCGCTGTT
sgRNA0531,TCACGACCTAAAGCGGTCAC
sgRNA0532,GACGCGTAATAGCGTTGTAA
sgRNA0533,TCCTTGCCTTCAAGGGCCAA
sgRNA0534,AGCTTTGCTACGTTCAACGA
sgRNA0535,GGGAAGAACGCCCAGCAAGA
sgRNA0536,TTTCTGATTCAAGATATGTT
sgRNA0537,GGATGGCATTTTCCGCTCTC
sgRNA0538,AGCAAAGGCATAACCATCAT
sgRNA0539,ACAATTTGGTAAATTGTTCA
sgRNA0540,CCACAGGCGATACATCGTTC
sgRNA0541,AACCAGGAAGCCTAAATCAA
sgRNA0542,AGTGTGGGTTCCAATAAAAC
sgRNA0543,AATAGCCCCCTGTGACACAA
sgRNA0544,TCTTTCCTTGACTTCTCTTT
sgRNA0545,ATAGTGAGCATTGCCATTGA
sgRNA0546,AATTAAATAATCGATACTGG
sgRNA0547,GGTGGTTGATTTCCCAAGTA
sgRNA0548,GACCAGATAGTAGGGGAGAT
sgRNA0549,CCAGTTCGTGATAAGCTTGT
sgRNA0550,CTTCCATAAAGTCTTCTACC
sgRNA0551,TGTCTAACTCATTCAAGGGA
sgRNA0552,CTTCCAAAATGACACTATAA
sgRNA0553,GTTGCAATGGTAAATCTACT
sgRNA0554,CAAAACAGCCTCCAAGGCGG
sgRNA0555,TAGATAGTCTTCTTTGTTTG
sgRNA0556,AAGCTTATCTAATATCTGTC
sgRNA0557,CCTGTTAAATTCACTTCTTT
sgRNA0558,TTCATAGGCAACAGGATTCA
sgRNA0559,CTGTTTGAGACTTATCTGCT
sgRNA0560,TTTCTTTGTAGGAGACACTG
sgRNA0561,TTTCCGAGAAAAGTTACCAT
sgRNA0562,CTCAAAATTCACATCACGAT
sgRNA0563,GGTTGAAGCTGGTTGCTTGT
sgRNA0564,TGTTCCATTCAGACTCACCG
sgRNA0565,TAATTCACCATTTCTCTGCT
sgRNA0566,AAGGTCAAATTTGGGCGGCT
sgRNA0567,GCATGACACTCTCAGCTGAA
sgRNA0568,TAAGCCGAATCGGAATCGAA
sgRNA0569,TCAATGATAGTTGCGATATC
sgRNA0570,GAATCTTATCCAGCTTAAAG
sgRNA0571,TTAATTTCTTCTAGCAAAGC
sgRNA0572,CCTTCTTTTGGAAAGTGGTT
sgRNA0573,CAGCCATCTTTTCCAGACGA
sgRNA0574,TTGTCCACATACATCTTGTT
sgRNA0575,CAGTTATCAAAATAAAAGTA
sgRNA0576,GACTTGGTAGCCCCACATTT
sgRNA0577,TCCATAATCTGTAAATAGAT
sgRNA0578,AATACCAAACAAAACTTGCT
sgRNA0579,TTGATAACTCGCTGCAGAAG
sgRNA0580,GTTTCGATTGGAGTTGTTGT
sgRNA0581,GACATTTTCACGTCCGCCCA
sgRNA0582,ACATGGTAATGAGTATGCCA
sgRNA0583,TAATTTCAAGACATATTGAC
sgRNA0584,TTTTGATAAAACTGACTGGT
sgRNA0585,TAGCATAATCACATCAATGA
sgRNA0586,CATAGTGGTTGACATAGTCT
sgRNA0587,GTTCCTTTTCCAACCCCTGA
sgRNA0588,AATGACTAAACCAATGATGA
sgRNA0589,GATTTCGGAATGTTGAGTAA
sgRNA0590,TCCTAGGTCTAGGTCTATCC
sgRNA0591,GGTTAGAATATTCTCGATAA
sgRNA0592,CAATCAAGATACGCTTGACA
sgRNA0593,GTCAAACCATTTTTCCAAAT
sgRNA0594,GTTCTTGCTGGCATCTATAT
sgRNA0595,AGGCGATTCCAAGGTGACCA
sgRNA0596,CAGCTAATCTCAAAGTCAAA
sgRNA0597,ACCATCTCTTTTTGTGTCAT
sgRNA0598,AAAATCAAAATTTCCTGACT
sgRNA0599,ATGCGAAGCGCGAGATTGTC
sgRNA0600,CTAATAATACAAAAAATAGT
sgRNA0601,CCTCCACCACTACCACTACG
sgRNA0602,TTCTAAAGCAACATCTTTCA
sgRNA0603,AAAGCCATTCCAGCGATTGA
sgRNA0604,TGCCTAGGGAGTTGGACCAC
sgRNA0605,GTCAATGACCAAACCAAGAA
sgRNA0606,AATGCAGTATCAATATGATT
sgRNA0607,AAGCGCATATAAGCCAAGAT
sgRNA0608,GTAACAGGCTGTGCGATAAA
sgRNA0609,TTGCTACAACTGTATTCCCA
sgRNA0610,CGAATACTGAATACCTCATT
sgRNA0611,TCGCTTGATTTCATTTCCAC
sgRNA0612,TACCATTTTGCTGACCGATT
sgRNA0613,ACTAGTTAGGGCAGCGTTTA
sgRNA0614,CCAAGATATGCCCATCCTTG
sgRNA0615,CTTTTGGCTATTACTTTTAT
sgRNA0616,TTCAATTTCGTAATTTTCAA
sgRNA0617,TAGCTGTGCAATGTCTTTTA
sgRNA0618,TGAAATTCCCAACAAATCAC
sgRNA0619,ACCTGCAATAAACTCAACAA
sgRNA0620,ATTCAACAAACGAATATGAT
sgRNA0621,TCACGAAGATAAGCACGGAC
sgRNA0622,TGCTAATAGAGAGAAAGACT
sgRNA0623,GCGCATGAGCTCGCGCACAA
sgRNA0624,CTGCTTCAGCATTCAAACGT
sgRNA0625,GTGGTGTCTTTGTAAGATTT
sgRNA0626,GGATTTGCTTAAATAATTGT
sgRNA0627,AACATAGCCATAAGCTTTAG
sgRNA0628,ACAACTACAAAAAGATAAAA
sgRNA0629,CAAGGTCAATTGTTCCAGTC
sgRNA0630,CCCATGCGCTTGATTTTTAA
sgRNA0631,AAAACGAACAATTGTATCTT
sgRNA0632,GTAATAAAGTCGCCTTCTTT
sgRNA0633,AAGAGCACACGGTCCCCTAA
sgRNA0634,TTGTTGGTTTTGTGCAATTC
sgRNA0635,CTTTTTTCGTGGCAAGAGCA
sgRNA0636,AATTTCATCTGTCAAAGTGG
sgRNA0637,TCGCTCAACTTTTGCAATCA
sgRNA0638,CGTTTTCTTGGCTACGATAT
sgRNA0639,TCTGTCAGGTACATTTCTTC
sgRNA0640,CACTGTAAATAGGACTGACA
sgRNA0641,GAAGAATCGGACCATGTATC
sgRNA0642,CAATTTAAGAGCGTCATTCA
sgRNA0643,TTCCGACAAAAACTGGGCAT
sgRNA0644,ATGGCCCAAACGCTCCCCTA
sgRNA0645,ACAAGATGCATTCCTTCCAT
sgRNA0646,TCCTTCTGCAAGAGTTTGTT
sgRNA0647,TTCTGAATAAACTGTTGGTA
sgRNA0648,AGCCCTCTTTTTACACCATC
sgRNA0649,TAACTGCTGTGAGCCTTGTC
sgRNA0650,CAGAGCCGTGCCTTACCACT
sgRNA0651,GCAACAAATTCTGACTACTT
sgRNA0652,ATCTAACAAGATCCTTTAAA
sgRNA0653,TTGCCTTCTAGTGTCTTGAG
sgRNA0654,AGGAAATTTCTTCTTGTTGA
sgRNA0655,AAAATTGATTGAGACCTGCA
sgRNA0656,TACCACAGAATTGGCTTTTG
sgRNA0657,GACTCCCTGTACCCTACCTT
sgRNA0658,AAATCCTGTTGGCTGACCTG
sgRNA0659,AAGACAATAAAGCGAATACC
sgRNA0660,AGGATTATTAATCAAATAGT
sgRNA0661,CAGAAAGAGACCAGCTAGGT
sgRNA0662,GTGACGCTCCAGCACTGCCT
sgRNA0663,AATCTCTTCTCGATGGTCAA
sgRNA0664,CACACCCATCTCAGCAGCCA
sgRNA0665,CGCGCACGACGAAGTTTACT
sgRNA0666,CTTCTTCCAATACAGGACCA
sgRNA0667,CTAGGATAATTCCATAATAA
sgRNA0668,CGATTGCGACCATGATATTT
sgRNA0669,ACTCTTGCGATTGTTGACCA
sgRNA0670,TGTAAAACAAGGATTTTCTT
sgRNA0671,TTCACGAGCGACATCATAAA
sgRNA0672,CAATCCCGAAAACATGAGAT
sgRNA0673,AACCACAAACCGCACAAGCT
sgRNA0674,TTTTCGAATCGGACCTACTT
sgRNA0675,GTCATTTGAGGTAGAGAGGC
sgRNA0676,CTTCTACGTTTTGGATACGA
sgRNA0677,CTCACTACTTGAGCATAAGA
sgRNA0678,AAAGACCACCTGTTTCCTAT
sgRNA0679,ATCAGGCAATTGTTCGTTCA
sgRNA0680,GCTCCCCACCAAAACAGATT
sgRNA0681,GCAACGAGTTTCTTTTCCTC
sgRNA0682,ATGATTAAAAAAGTAATATT
sgRNA0683,ACCTGAGTTGGCTTTATTAA
sgRNA0684,CGAAATTGCCATAATCGTTT
sgRNA0685,GGTTTTTCTGGTTTTCTAAT
sgRNA0686,TTCGCCAATACTTTTTCTTC
sgRNA0687,TTGGACATTCTCTAGTAAAT
sgRNA0688,GCTCATAGGCGTCTAACTTA
sgRNA0689,CAACCTTCTAAGAACCACCA
sgRNA0690,TCCTGGTTTAACATAAGTAT
sgRNA0691,TGATCCGCTTTAATATAGTT
sgRNA0692,TAAACCTATAATCCTAATCA
sgRNA0693,ATAGAGGAGAAAGAGACGGG
sgRNA0694,AACCTTTAATGGCCTCAAAA
sgRNA0695,TACTCGCTTGCTCAGACAAG
sgRNA0696,CAATACTGGGGCAAATGACA
sgRNA0697,GCTGGCAGTTACTGTATTGT
sgRNA0698,TCAATTCCGACAAACAATTC
sgRNA0699,GTCTGCCAATTCCGCCACGC
sgRNA0700,CGCATGCCAGAGCCACAATC
sgRNA0701,GACTTGGTGCGTAACGTACG
sgRNA0702,TGCATGTATTCCACTTCATG
sgRNA0703,ATTTTGCCTTCTGCGTCTAC
sgRNA0704,AGCCAGGGCCTGCCACTTGT
sgRNA0705,TTCGCGCAAATCACGAGACA
sgRNA0706,TTAAAATAGCCTCTTGGTCC
sgRNA0707,AAAAGCCTTCCTTACTTAAA
sgRNA0708,ACCAGGCCCCAAGACGGCGA
sgRNA0709,TTTCAGCATTGGCGATAAAT
sgRNA0710,TGTGAGATAAAACGTGCTGT
sgRNA0711,TTCCCCATATTAAGCCGGAT
sgRNA0712,TTCATTTAATTGATTTTGCA
sgRNA0713,AGAAACTTGACCTTCTTCTA
sgRNA0714,TGCTAAGATTTTCAAACCAA
sgRNA0715,GAAGCAAAACGCTGAAGTTT
sgRNA0716,GATCCGATTCCGTAAGCTCC
sgRNA0717,TCAGATGAACCAGAATCAGC
sgRNA0718,GAAAAATAGGAAAATGGATA
sgRNA0719,ACGGCCAACCCATCCTTTCA
sgRNA0720,ATAGAAGAAATCGCCTTTGA
sgRNA0721,AAAAGAAAAAGGTCAGGAGT
sgRNA0722,AAAATATCCTGCGTTCCTTT
sgRNA0723,AAAGTCAAAATTCTATAAGC
sgRNA0724,AGACGGCGAAAATTGTCCTC
sgRNA0725,GGTCTTGCAAGGCCAAAGCA
sgRNA0726,TGCTGTCATAGATGCTACTG
sgRNA0727,ATCAATGCGAATACACCATT
sgRNA0728,GCTTTTGAAGTGCGACGTGC
sgRNA0729,CTGCTAGGATTGGTTCATTA
sgRNA0730,AACCCACTCTGGATGGTCCT
sgRNA0731,CAACTCCAACTGGTAGGCTC
sgRNA0732,TTTTGACTTGGCACCATTTT
sgRNA0733,TCAGTGTGACTATCACCAAT
sgRNA0734,TTACTAGTTTATTTTCAGAA
sgRNA0735,GATTTCTGCCAGCTCTTTTA
sgRNA0736,TAAGAGCGAGCTCTATGATA
sgRNA0737,ACGGCCATAGTTAGGGGCTT
sgRNA0738,TAAGAGCAAGCTCTGGTATA
sgRNA0739,ATGGCACTAGTTAGGGGCTT
sgRNA0740,CGCTAGTGCAATGACCTATT
sgRNA0741,AGGCTGTCCGACCAAGAAAG
sgRNA0742,TAAGATAGGAACTAGTGATG
sgRNA0743,CACGAGAACTTGTAGTTCCC
sgRNA0744,GATTGAAAATTGACCACACT
sgRNA0745,ATCAAGGACAAAAGCACGAA
sgRNA0746,ATTCTTTCCCGCCATTGCTA
sgRNA0747,ATCTAAAATCGCCTTGATGT
sgRNA0748,TGCTAGGGGTAAAACTTGCA
sgRNA0749,CTTGTTCCTCTTGCTATAAA
sgRNA0750,AACTCCACAATAAATAGGGA
sgRNA0751,CCTACTAGAATAGGAAAAAT
sgRNA0752,TTACTTCTAGGTTTTCACCA
sgRNA0753,CCCTTCTCCTTTCTCATTGC
sgRNA0754,TTTTGATTTCTTCTTGGACT
sgRNA0755,ATGTTGTTAAGTTTAACAAT
sgRNA0756,CAACTCGCAAAACGACCCAA
sgRNA0757,AATTTGGTCAACTTGTTTTT
sgRNA0758,TTGTTTTAAACTTTTTTGAT
sgRNA0759,TTCTTTGAGTAGTGCTTGGA
sgRNA0760,AATAAGCAATACATCATCAA
sgRNA0761,CGGTCTCCTGTTAAAATAAT
sgRNA0762,TTTTAAAAAGGTTGATTTTC
sgRNA0763,ACAGTAGAAATTTTATCAAA
sgRNA0764,TTCTTTGTAAAATAAAATCA
sgRNA0765,CCTGCGACCGTTCGCTTAGA
sgRNA0766,TCTGATTCACTGGCCTTATC
sgRNA0767,AGTTATTGAAAAACTACCCA
sgRNA0768,AATTCTTTTCGGGGTTGATA
sgRNA0769,TCCCAAACCTACAAGTAATT
sgRNA0770,CAATACCTTAAATAGAAACA
sgRNA0771,AATACTGGAATCCTGTCACA
sgRNA0772,AACCAGCCGCATTCTTAAAA
sgRNA0773,CATCAAATTTAGCTAATTTC
sgRNA0774,TTCTTCAGGTTTAAGAGTGT
sgRNA0775,GGCGACACTGGTCTCATCAC
sgRNA0776,TGAGTTCCCTTACCTGCACC
sgRNA0777,ATTCGTTCCAAGCCAAAATG
sgRNA0778,TACATACGGGCTACACGAGC
sgRNA0779,ACTAGGAAAAAGACCATGAT
sgRNA0780,AATAAGAGTGGTTACAGCAA
sgRNA0781,AGCGAAGTTCCGTTCCTAAT
sgRNA0782,CCAGTATCTCCATCTGGAAC
sgRNA0783,CATCAGCATCAAGCCATTTT
sgRNA0784,TTTTCAGCCAACTCTTGTGA
sgRNA0785,TAACTCTTTCAATTCTTCGA
sgRNA0786,GGCTAGCGATGGTCACTGTT
sgRNA0787,AGAAAACATCTCTGGAAAGA
sgRNA0788,ATTGGGATAATCATGACTAA
sgRNA0789,CTCTAAAACTTGAATTTGAC
sgRNA0790,CTCTCCCATGATGTCCTCCA
sgRNA0791,AACTTCTTGACCAACTAACT
sgRNA0792,GGTTAAGAGTAAAATTTCTG
sgRNA0793,CTTGACCATTGACCAAGACC
sgRNA0794,CAAGGTTACCAATAACTGTT
sgRNA0795,AGCAAGTGATTGGTGAGATT
sgRNA0796,GAATAAGTCTTGCTTTGCTA
sgRNA0797,TGAAACGTTTAGCTGATGCG
sgRNA0798,TAGTTGGTGGACGACTGCGT
sgRNA0799,ACCAGATAAGCCAGTTCTTC
sgRNA0800,GGTATGAACATAGGAATCAT
sgRNA0801,AGAGGATTTTATCAAGATTG
sgRNA0802,TGGTGTCTGAAACGACATCA
sgRNA0803,AGACCATAAACAGTCTCTGT
sgRNA0804,GACATATTTTTCACGACGAA
sgRNA0805,TCCGCATCTCGGAAAGATAT
sgRNA0806,ACTTCCCACATATCTACGCC
sgRNA0807,GAAATAGCAACTGCTGACAT
sgRNA0808,ACAGTAGCTCCAGCAACAAG
sgRNA0809,ACTCCTCAGCTCGCCATCTT
sgRNA0810,GTGTACCACGTTGACGGTAA
sgRNA0811,TTTACAACTTCTTCGATTTT
sgRNA0812,CAACAACTGCCGTCACACCT
sgRNA0813,AATTTGTTTGGCATCTTCAA
sgRNA0814,GAATTTCTTTGGTTGCCTCT
sgRNA0815,TTACAAGGTCGTTCAATTCA
sgRNA0816,TTAGAAAATGCTACTGCAGA
sgRNA0817,CTGGTGCAACATCAAGGCCA
sgRNA0818,TTCCATTTCTAAAACACGGT
sgRNA0819,CAGTTCATCCTGCGGATAGT
sgRNA0820,AAGATATGGAGGAGTTCAAT
sgRNA0821,GTACTCTTACCGCTGGAAGC
sgRNA0822,TTCAGTTTTCCCAAGATTAA
sgRNA0823,AAAAATTCATCGACTTCTTC
sgRNA0824,ATTTTTGGCTCCAACAACTT
sgRNA0825,ATCAACTTGGCAATAGGTGT
sgRNA0826,AGATGAATCAGAGCCTTGGT
sgRNA0827,GAAGCGCTCCATTTCCTGAG
sgRNA0828,TACAATGGCAATAGTTGGTA
sgRNA0829,TGGACAAAGGCCGCAACATC
sgRNA0830,GACTGTTGCTGAAAAGTCGG
sgRNA0831,GGCTGGTCCGTCTGCATCAA
sgRNA0832,AGAGGAGTTCAGCTAACTGG
sgRNA0833,AGATGCAAGAGCAAGTCCAG
sgRNA0834,GACTTTACTTGGAGAAGCTA
sgRNA0835,CTTCCTTAAGACCGTGGTCT
sgRNA0836,AGAATAGTCGCTGCCAACAA
sgRNA0837,TCAACTTGCACTGTTTGTGT
sgRNA0838,CTCCAGCTTTCCTTGCGAGT
sgRNA0839,GCTTCAATATCCACTTGGGC
sgRNA0840,TGCTCAGCTAAGATATCTTG
sgRNA0841,TTTTTTAGCGTCCATAACAC
sgRNA0842,GCCCAGAAGCTGGCTAATAT
sgRNA0843,ACAGAATCAAACCACTGAAA
sgRNA0844,CGCCATTGGCTCCAAATCAT
sgRNA0845,CGCCTTTAACCACAAACTCA
sgRNA0846,CGCTTGTTTTCCATCTATAT
sgRNA0847,AAGCTGCCGCAGAACCAACA
sgRNA0848,GACCACCACGTGTTTCTTGA
sgRNA0849,GCAGTGCTTTGAGCAGCCTG
sgRNA0850,CCGCTTCTAAGCAAAACACA
sgRNA0851,TTAAAAGTGTTTTGATGGTT
sgRNA0852,CCACCGACCTCACGCTTATC
sgRNA0853,ATTCGAACCCCCGAACCCGA
sgRNA0854,AGGTCTTCTAGGCTTAATTT
sgRNA0855,TTGAGTTTGCTGGATTTACG
sgRNA0856,CAGGAATCTCCGAAATAACC
sgRNA0857,TTCGGAAATTGTCAAGCGAT
sgRNA0858,GCTCCTCCTATTTAAATTTT
sgRNA0859,CTCATTAAAACGGAGAATAA
sgRNA0860,TTCGTCGGCTCCTAGTGCCA
sgRNA0861,TGTCTTAACCCCTTGACCAA
sgRNA0862,TGGGTACAGGTGTATCTCCT
sgRNA0863,TACACTTATACACAGTCCCT
sgRNA0864,TAAGCGCCAGATCCTAAATC
sgRNA0865,GGATGGCATTCTCCGCTCTC
sgRNA0866,GCCAGCGTTCGTCCTGAGCC
sgRNA0867,CCGCTTCTAAGCAAAACACA
sgRNA0868,ACGGCAAGGCGACGTTGACG
sgRNA0869,AAATGGTATTACGTGAGATT
